{"cameraMode":{"drawMode":0,"name":"Shaded","section":"Shading Mode"},"sceneLighting":false,"audioPlay":false,"sceneViewState":{"m_AlwaysRefresh":false,"showFog":true,"showSkybox":true,"showFlares":true,"showImageEffects":true,"showParticleSystems":true,"showVisualEffectGraphs":true,"m_FxEnabled":true},"in2DMode":false,"pivot":{"x":2.1133275032043459,"y":4.250708103179932,"z":-20.008068084716798},"rotation":{"x":0.05927686393260956,"y":0.054478589445352557,"z":-0.0032394935842603447,"w":0.9967511892318726},"size":2.246769428253174,"orthographic":false}